INSERT INTO MACHINE (id, VAL)
VALUES ('M1', 'Machine1');
INSERT INTO MACHINE (id, VAL)
VALUES ('M2', 'Machine2');
INSERT INTO MACHINE (id, VAL)
VALUES ('M3', 'Machine3');
INSERT INTO MACHINE (id, VAL)
VALUES ('M4', 'Machine4');

INSERT INTO unite (id, val, symbole)
VALUES ('U001', 'Litre', 'l');
INSERT INTO unite (id, val, symbole)
VALUES ('U002', 'Kilogramme', 'kg');
INSERT INTO unite (id, val, symbole)
VALUES ('U003', 'Boite', 'bt');

INSERT INTO CONSOMMABLE (id, val, ID_UNITE)
VALUES ('C001', 'Essence', 'U001');
INSERT INTO CONSOMMABLE (id, val, ID_UNITE)
VALUES ('C002', 'Papier', 'U002');
INSERT INTO CONSOMMABLE (id, val, ID_UNITE)
VALUES ('C003', 'Durcisseur', 'U003');

INSERT INTO FORMULE_FABRICATION (id, QTE, ID_CONSOMMABLE)
VALUES ('F1', 1, 'C001');
INSERT INTO FORMULE_FABRICATION (id, QTE, ID_CONSOMMABLE)
VALUES ('F2', 1, 'C002');
INSERT INTO FORMULE_FABRICATION (id, QTE, ID_CONSOMMABLE)
VALUES ('F3', 0.5, 'C003');

INSERT INTO ACHAT_CONSOMMABLE (id, DATY, QTE, RESTE, PU, ID_CONSOMMABLE)
VALUES ('A001', TO_DATE('01-01-2024', 'dd-mm-yyyy'), 224727345, 224727345, 6000, 'C001');
INSERT INTO ACHAT_CONSOMMABLE (id, DATY, QTE, RESTE, PU, ID_CONSOMMABLE)
VALUES ('A002', TO_DATE('01-01-2024', 'dd-mm-yyyy'), 224727345, 224727345, 600, 'C002');
INSERT INTO ACHAT_CONSOMMABLE (id, DATY, QTE, RESTE, PU, ID_CONSOMMABLE)
VALUES ('A003', TO_DATE('01-01-2024', 'dd-mm-yyyy'), 112363672.5, 112363672.5, 550, 'C003');

INSERT INTO ACHAT_CONSOMMABLE (id, DATY, QTE, RESTE, PU, ID_CONSOMMABLE)
VALUES ('A0012', TO_DATE('01-01-2023', 'dd-mm-yyyy'), 225233313, 225233313, 5950, 'C001');
INSERT INTO ACHAT_CONSOMMABLE (id, DATY, QTE, RESTE, PU, ID_CONSOMMABLE)
VALUES ('A0022', TO_DATE('01-01-2023', 'dd-mm-yyyy'), 225233313, 225233313, 500, 'C002');
INSERT INTO ACHAT_CONSOMMABLE (id, DATY, QTE, RESTE, PU, ID_CONSOMMABLE)
VALUES ('A0032', TO_DATE('01-01-2023', 'dd-mm-yyyy'), 112616656.5, 112616656.5, 500, 'C003');

INSERT INTO ACHAT_CONSOMMABLE (id, DATY, QTE, RESTE, PU, ID_CONSOMMABLE)
VALUES ('A0013', TO_DATE('01-01-2022', 'dd-mm-yyyy'), 224974632, 224974632, 5900, 'C001');
INSERT INTO ACHAT_CONSOMMABLE (id, DATY, QTE, RESTE, PU, ID_CONSOMMABLE)
VALUES ('A0023', TO_DATE('01-01-2022', 'dd-mm-yyyy'), 224974632, 224974632, 400, 'C002');
INSERT INTO ACHAT_CONSOMMABLE (id, DATY, QTE, RESTE, PU, ID_CONSOMMABLE)
VALUES ('A0033', TO_DATE('01-01-2022', 'dd-mm-yyyy'), 112487316, 112487316, 450, 'C003');
